品种,批发市场,最高价,最低价,大宗价,单位,提取时间
猕猴桃,山西省太原市河西农产品有限公司,7,4.6,5.8,元/公斤,2025-9-16 17:50
红毛丹,山西省太原市河西农产品有限公司,40,24,32,元/公斤,2025-9-16 17:50
火龙果,山西省太原市河西农产品有限公司,5.6,3.6,4.6,元/公斤,2025-9-16 17:50
木瓜,山西省太原市河西农产品有限公司,11,7,9,元/公斤,2025-9-16 17:50
芒果,山西省太原市河西农产品有限公司,12,8,10,元/公斤,2025-9-16 17:50
龙眼(桂圆),山西省太原市河西农产品有限公司,14,10,12,元/公斤,2025-9-16 17:50
菠萝,山西省太原市河西农产品有限公司,20,10,15,元/公斤,2025-9-16 17:50
香蕉,山西省太原市河西农产品有限公司,4.4,3.4,3.9,元/公斤,2025-9-16 17:50
柠檬,山西省太原市河西农产品有限公司,20,20,20,元/公斤,2025-9-16 17:50
柚子,山西省太原市河西农产品有限公司,12,5.6,8.8,元/公斤,2025-9-16 17:50
橘、柑,山西省太原市河西农产品有限公司,18,14,16,元/公斤,2025-9-16 17:50
腰果,山西省太原市河西农产品有限公司,90,56,73,元/公斤,2025-9-16 17:50
杏仁,山西省太原市河西农产品有限公司,80,64,72,元/公斤,2025-9-16 17:50
开心果,山西省太原市河西农产品有限公司,98,74,86,元/公斤,2025-9-16 17:50
核桃,山西省太原市河西农产品有限公司,30,16,23,元/公斤,2025-9-16 17:50
大白菜,山西省太原市河西农产品有限公司,1.8,1.8,1.8,元/公斤,2025-9-16 17:50
哈密瓜,山西省太原市河西农产品有限公司,4,4,4,元/公斤,2025-9-16 17:50
西瓜,山西省太原市河西农产品有限公司,6,2.2,4.1,元/公斤,2025-9-16 17:50
菠萝蜜,山西省太原市河西农产品有限公司,12,9,10.5,元/公斤,2025-9-16 17:50
山竹,山西省太原市河西农产品有限公司,26,18,22,元/公斤,2025-9-16 17:50
人参果,山西省太原市河西农产品有限公司,12,10,11,元/公斤,2025-9-16 17:50
枇杷,山西省太原市河西农产品有限公司,30,28,29,元/公斤,2025-9-16 17:50
榴莲,山西省太原市河西农产品有限公司,54,36,45,元/公斤,2025-9-16 17:50
苹果,山西省太原市河西农产品有限公司,10,6,8,元/公斤,2025-9-16 17:50
豇豆,山西省太原市河西农产品有限公司,7,7,7,元/公斤,2025-9-16 17:50
荷兰豆,山西省太原市河西农产品有限公司,18,16,17,元/公斤,2025-9-16 17:50
豆角,山西省太原市河西农产品有限公司,7,7,7,元/公斤,2025-9-16 17:50
丝瓜,山西省太原市河西农产品有限公司,9,9,9,元/公斤,2025-9-16 17:50
佛手瓜,山西省太原市河西农产品有限公司,8,7,7.5,元/公斤,2025-9-16 17:50
冬瓜,山西省太原市河西农产品有限公司,1.6,1.6,1.6,元/公斤,2025-9-16 17:50
南瓜,山西省太原市河西农产品有限公司,2.2,2.2,2.2,元/公斤,2025-9-16 17:50
苦瓜,山西省太原市河西农产品有限公司,7,7,7,元/公斤,2025-9-16 17:50
西葫芦,山西省太原市河西农产品有限公司,4,4,4,元/公斤,2025-9-16 17:50
黄瓜,山西省太原市河西农产品有限公司,6,6,6,元/公斤,2025-9-16 17:50
茄子,山西省太原市河西农产品有限公司,2.6,2.6,2.6,元/公斤,2025-9-16 17:50
青椒,山西省太原市河西农产品有限公司,7,7,7,元/公斤,2025-9-16 17:50
尖椒,山西省太原市河西农产品有限公司,5,5,5,元/公斤,2025-9-16 17:50
西红柿,山西省太原市河西农产品有限公司,5,5,5,元/公斤,2025-9-16 17:50
西兰花,山西省太原市河西农产品有限公司,10,10,10,元/公斤,2025-9-16 17:50
菜花,山西省太原市河西农产品有限公司,6,6,6,元/公斤,2025-9-16 17:50
蒜薹,山西省太原市河西农产品有限公司,5.6,5.6,5.6,元/公斤,2025-9-16 17:50
茭白,山西省太原市河西农产品有限公司,14,10,12,元/公斤,2025-9-16 17:50
莲藕,山西省太原市河西农产品有限公司,6.6,6.6,6.6,元/公斤,2025-9-16 17:50
莴笋,山西省太原市河西农产品有限公司,4.6,4.6,4.6,元/公斤,2025-9-16 17:50
芹菜,山西省太原市河西农产品有限公司,3.2,3.2,3.2,元/公斤,2025-9-16 17:50
大蒜,山西省太原市河西农产品有限公司,7,7,7,元/公斤,2025-9-16 17:50
生姜,山西省太原市河西农产品有限公司,9,9,9,元/公斤,2025-9-16 17:50
大葱,山西省太原市河西农产品有限公司,2.4,2.4,2.4,元/公斤,2025-9-16 17:50
葱头,山西省太原市河西农产品有限公司,1.4,1.4,1.4,元/公斤,2025-9-16 17:50
山药,山西省太原市河西农产品有限公司,5,5,5,元/公斤,2025-9-16 17:50
土豆,山西省太原市河西农产品有限公司,1.8,1.8,1.8,元/公斤,2025-9-16 17:50
胡萝卜,山西省太原市河西农产品有限公司,1.6,1.6,1.6,元/公斤,2025-9-16 17:50
蒜苗,山西省太原市河西农产品有限公司,4,3,3.5,元/公斤,2025-9-16 17:50
韭菜,山西省太原市河西农产品有限公司,5,5,5,元/公斤,2025-9-16 17:50
空心菜,山西省太原市河西农产品有限公司,9,9,9,元/公斤,2025-9-16 17:50
油麦菜,山西省太原市河西农产品有限公司,8,8,8,元/公斤,2025-9-16 17:50
香菜,山西省太原市河西农产品有限公司,10,9,9.5,元/公斤,2025-9-16 17:50
茼蒿,山西省太原市河西农产品有限公司,9,9,9,元/公斤,2025-9-16 17:50
菠菜,山西省太原市河西农产品有限公司,12,12,12,元/公斤,2025-9-16 17:50
生菜,山西省太原市河西农产品有限公司,4,4,4,元/公斤,2025-9-16 17:50
小白菜,山西省太原市河西农产品有限公司,5,5,5,元/公斤,2025-9-16 17:50
油菜,山西省太原市河西农产品有限公司,4,3,3.5,元/公斤,2025-9-16 17:50
甘蓝,山西省太原市河西农产品有限公司,2,2,2,元/公斤,2025-9-16 17:50
洋白菜,山西省太原市河西农产品有限公司,2,2,2,元/公斤,2025-9-16 17:50
红萝卜,山西省太原市河西农产品有限公司,1.6,1.6,1.6,元/公斤,2025-9-16 17:50
白萝卜,山西省太原市河西农产品有限公司,2.2,2.2,2.2,元/公斤,2025-9-16 17:50
水萝卜,山西省太原市河西农产品有限公司,6,6,6,元/公斤,2025-9-16 17:50
良薯,山西省太原市河西农产品有限公司,3,3,3,元/公斤,2025-9-16 17:50
西洋芹,山西省太原市河西农产品有限公司,6,6,6,元/公斤,2025-9-16 17:50
樱桃西红柿,山西省太原市河西农产品有限公司,9,8,8.5,元/公斤,2025-9-16 17:50
红尖椒,山西省太原市河西农产品有限公司,5,5,5,元/公斤,2025-9-16 17:50
线椒(皱椒),山西省太原市河西农产品有限公司,9,8,8.5,元/公斤,2025-9-16 17:50
红椒,山西省太原市河西农产品有限公司,6,6,6,元/公斤,2025-9-16 17:50
圆茄子,山西省太原市河西农产品有限公司,2.6,2.6,2.6,元/公斤,2025-9-16 17:50
长茄子,山西省太原市河西农产品有限公司,5,5,5,元/公斤,2025-9-16 17:50
平菇,山西省太原市河西农产品有限公司,8.4,8.4,8.4,元/公斤,2025-9-16 17:50
香菇,山西省太原市河西农产品有限公司,9,9,9,元/公斤,2025-9-16 17:50
金针菇,山西省太原市河西农产品有限公司,7,6,6.5,元/公斤,2025-9-16 17:50
鸡腿菇,山西省太原市河西农产品有限公司,9,8,8.5,元/公斤,2025-9-16 17:50
黑木耳,山西省太原市河西农产品有限公司,60,52,56,元/公斤,2025-9-16 17:50
富士苹果,山西省太原市河西农产品有限公司,10,6,8,元/公斤,2025-9-16 17:50
青苹果,山西省太原市河西农产品有限公司,6,4,5,元/公斤,2025-9-16 17:50
酥梨,山西省太原市河西农产品有限公司,4.6,3,3.8,元/公斤,2025-9-16 17:50
柿子,山西省太原市河西农产品有限公司,7,4,5.5,元/公斤,2025-9-16 17:50
山楂,山西省太原市河西农产品有限公司,5.6,5.6,5.6,元/公斤,2025-9-16 17:50
葡萄,山西省太原市河西农产品有限公司,9,8,8.5,元/公斤,2025-9-16 17:50
青提子,山西省太原市河西农产品有限公司,14,4,9,元/公斤,2025-9-16 17:50
红提子,山西省太原市河西农产品有限公司,14,8,11,元/公斤,2025-9-16 17:50
草莓,山西省太原市河西农产品有限公司,20,16,18,元/公斤,2025-9-16 17:50
石榴,山西省太原市河西农产品有限公司,12,10,11,元/公斤,2025-9-16 17:50
油桃,山西省太原市河西农产品有限公司,7.6,5,6.3,元/公斤,2025-9-16 17:50
冬枣,山西省太原市河西农产品有限公司,20,16,18,元/公斤,2025-9-16 17:50
大枣,山西省太原市河西农产品有限公司,30,22,26,元/公斤,2025-9-16 17:50
蜜桔,山西省太原市河西农产品有限公司,9,6,7.5,元/公斤,2025-9-16 17:50
橙子,山西省太原市河西农产品有限公司,16,10,13,元/公斤,2025-9-16 17:50
脐橙,山西省太原市河西农产品有限公司,8,6,7,元/公斤,2025-9-16 17:50
黑美人西瓜,山西省太原市河西农产品有限公司,3.6,2.4,3,元/公斤,2025-9-16 17:50
网纹瓜,山西省太原市河西农产品有限公司,9,7,8,元/公斤,2025-9-16 17:50
香瓜,山西省太原市河西农产品有限公司,5,3,4,元/公斤,2025-9-16 17:50
猕猴桃,山西太原丈子头农产品物流园（原城东利民）,5.5,5,5.4,元/公斤,2025-9-16 17:50
柠檬,山西太原丈子头农产品物流园（原城东利民）,10.2,10,10.1,元/公斤,2025-9-16 17:50
核桃,山西太原丈子头农产品物流园（原城东利民）,21,11,16,元/公斤,2025-9-16 17:50
桃子,山西太原丈子头农产品物流园（原城东利民）,5.6,5.1,5.4,元/公斤,2025-9-16 17:50
面粉,山西太原丈子头农产品物流园（原城东利民）,4.5,4,4.4,元/公斤,2025-9-16 17:50
哈密瓜,山西太原丈子头农产品物流园（原城东利民）,4.1,3.6,3.9,元/公斤,2025-9-16 17:50
西瓜,山西太原丈子头农产品物流园（原城东利民）,2.6,2.1,2.4,元/公斤,2025-9-16 17:50
山竹,山西太原丈子头农产品物流园（原城东利民）,24,22,23.3,元/公斤,2025-9-16 17:50
榴莲,山西太原丈子头农产品物流园（原城东利民）,40,35,37,元/公斤,2025-9-16 17:50
火龙果,山西太原丈子头农产品物流园（原城东利民）,6,5.5,5.8,元/公斤,2025-9-16 17:50
芒果,山西太原丈子头农产品物流园（原城东利民）,9.1,8,8.6,元/公斤,2025-9-16 17:50
荔枝,山西太原丈子头农产品物流园（原城东利民）,14,12.1,13.2,元/公斤,2025-9-16 17:50
菠萝,山西太原丈子头农产品物流园（原城东利民）,10.2,9,9.6,元/公斤,2025-9-16 17:50
香蕉,山西太原丈子头农产品物流园（原城东利民）,4,3.2,3.4,元/公斤,2025-9-16 17:50
黄瓜,山西太原丈子头农产品物流园（原城东利民）,7,5.8,6.2,元/公斤,2025-9-16 17:50
茄子,山西太原丈子头农产品物流园（原城东利民）,3.8,3.2,3.6,元/公斤,2025-9-16 17:50
青椒,山西太原丈子头农产品物流园（原城东利民）,5.6,5.2,5.3,元/公斤,2025-9-16 17:50
尖椒,山西太原丈子头农产品物流园（原城东利民）,5.8,4.6,5,元/公斤,2025-9-16 17:50
西红柿,山西太原丈子头农产品物流园（原城东利民）,4,3.4,3.6,元/公斤,2025-9-16 17:50
西兰花,山西太原丈子头农产品物流园（原城东利民）,12.2,10,11.3,元/公斤,2025-9-16 17:50
菜花,山西太原丈子头农产品物流园（原城东利民）,7,5.8,6.3,元/公斤,2025-9-16 17:50
蒜薹,山西太原丈子头农产品物流园（原城东利民）,7,6.2,6.7,元/公斤,2025-9-16 17:50
莲藕,山西太原丈子头农产品物流园（原城东利民）,6.2,5,5.7,元/公斤,2025-9-16 17:50
莴笋,山西太原丈子头农产品物流园（原城东利民）,5,4.2,4.7,元/公斤,2025-9-16 17:50
芹菜,山西太原丈子头农产品物流园（原城东利民）,4.2,3.6,4,元/公斤,2025-9-16 17:50
大蒜,山西太原丈子头农产品物流园（原城东利民）,10,8.2,9.32,元/公斤,2025-9-16 17:50
生姜,山西太原丈子头农产品物流园（原城东利民）,9.2,8,8.7,元/公斤,2025-9-16 17:50
大葱,山西太原丈子头农产品物流园（原城东利民）,3,2.6,2.8,元/公斤,2025-9-16 17:50
葱头,山西太原丈子头农产品物流园（原城东利民）,1.8,1.3,1.6,元/公斤,2025-9-16 17:50
山药,山西太原丈子头农产品物流园（原城东利民）,7,6.2,6.7,元/公斤,2025-9-16 17:50
土豆,山西太原丈子头农产品物流园（原城东利民）,2.2,1.6,2,元/公斤,2025-9-16 17:50
胡萝卜,山西太原丈子头农产品物流园（原城东利民）,2,1.6,1.8,元/公斤,2025-9-16 17:50
韭菜,山西太原丈子头农产品物流园（原城东利民）,6,5.1,5.6,元/公斤,2025-9-16 17:50
油麦菜,山西太原丈子头农产品物流园（原城东利民）,10.1,9,9.6,元/公斤,2025-9-16 17:50
香菜,山西太原丈子头农产品物流园（原城东利民）,16,14.2,15.3,元/公斤,2025-9-16 17:50
茼蒿,山西太原丈子头农产品物流园（原城东利民）,10.1,9,9.6,元/公斤,2025-9-16 17:50
菠菜,山西太原丈子头农产品物流园（原城东利民）,16,14.2,15,元/公斤,2025-9-16 17:50
生菜,山西太原丈子头农产品物流园（原城东利民）,6.8,6.1,6.4,元/公斤,2025-9-16 17:50
小白菜,山西太原丈子头农产品物流园（原城东利民）,6.1,5.4,5.7,元/公斤,2025-9-16 17:50
油菜,山西太原丈子头农产品物流园（原城东利民）,7,6.1,6.6,元/公斤,2025-9-16 17:50
大米,山西太原丈子头农产品物流园（原城东利民）,4.4,3.9,4,元/公斤,2025-9-16 17:50
大白菜,山西太原丈子头农产品物流园（原城东利民）,2.1,1.4,1.7,元/公斤,2025-9-16 17:50
洋白菜,山西太原丈子头农产品物流园（原城东利民）,2.1,1.6,1.7,元/公斤,2025-9-16 17:50
白萝卜,山西太原丈子头农产品物流园（原城东利民）,2.6,2,2.4,元/公斤,2025-9-16 17:50
西葫芦,山西太原丈子头农产品物流园（原城东利民）,5.8,5,5.5,元/公斤,2025-9-16 17:50
苦瓜,山西太原丈子头农产品物流园（原城东利民）,6,5.2,5.7,元/公斤,2025-9-16 17:50
南瓜,山西太原丈子头农产品物流园（原城东利民）,2.1,1.9,2,元/公斤,2025-9-16 17:50
冬瓜,山西太原丈子头农产品物流园（原城东利民）,1.6,1.1,1.3,元/公斤,2025-9-16 17:50
丝瓜,山西太原丈子头农产品物流园（原城东利民）,10,8,9,元/公斤,2025-9-16 17:50
豆角,山西太原丈子头农产品物流园（原城东利民）,7.1,5.6,6.4,元/公斤,2025-9-16 17:50
平菇,山西太原丈子头农产品物流园（原城东利民）,6,5.2,5.7,元/公斤,2025-9-16 17:50
香菇,山西太原丈子头农产品物流园（原城东利民）,9.2,8,8.7,元/公斤,2025-9-16 17:50
金针菇,山西太原丈子头农产品物流园（原城东利民）,7,6.2,6.7,元/公斤,2025-9-16 17:50
苹果,山西太原丈子头农产品物流园（原城东利民）,9,8.5,8.7,元/公斤,2025-9-16 17:50
富士苹果,山西太原丈子头农产品物流园（原城东利民）,10.2,9,9.7,元/公斤,2025-9-16 17:50
酥梨,山西太原丈子头农产品物流园（原城东利民）,4.2,3.4,3.8,元/公斤,2025-9-16 17:50
香梨,山西太原丈子头农产品物流园（原城东利民）,5,4.6,4.8,元/公斤,2025-9-16 17:50
葡萄,山西太原丈子头农产品物流园（原城东利民）,5.1,4.4,4.7,元/公斤,2025-9-16 17:50
草莓,山西太原丈子头农产品物流园（原城东利民）,36,31,32,元/公斤,2025-9-16 17:50
大枣,山西太原丈子头农产品物流园（原城东利民）,19,13,17,元/公斤,2025-9-16 17:50
砂糖橘,山西太原丈子头农产品物流园（原城东利民）,11.8,10,11.3,元/公斤,2025-9-16 17:50
橙子,山西太原丈子头农产品物流园（原城东利民）,6.6,6.2,6.5,元/公斤,2025-9-16 17:50
龙眼(乌圆),山西太原丈子头农产品物流园（原城东利民）,14.1,12,13,元/公斤,2025-9-16 17:50
土豆,阳泉农产品批发市场有限公司,,,1.6,元/公斤,2025-9-16 17:50
豆角,阳泉农产品批发市场有限公司,,,3.5,元/公斤,2025-9-16 17:50
冬瓜,阳泉农产品批发市场有限公司,,,0.7,元/公斤,2025-9-16 17:50
西葫芦,阳泉农产品批发市场有限公司,,,4,元/公斤,2025-9-16 17:50
黄瓜,阳泉农产品批发市场有限公司,,,4.4,元/公斤,2025-9-16 17:50
茄子,阳泉农产品批发市场有限公司,,,2.6,元/公斤,2025-9-16 17:50
青椒,阳泉农产品批发市场有限公司,,,4.8,元/公斤,2025-9-16 17:50
尖椒,阳泉农产品批发市场有限公司,,,5,元/公斤,2025-9-16 17:50
西红柿,阳泉农产品批发市场有限公司,,,4,元/公斤,2025-9-16 17:50
菜花,阳泉农产品批发市场有限公司,,,5,元/公斤,2025-9-16 17:50
蒜薹,阳泉农产品批发市场有限公司,,,4.4,元/公斤,2025-9-16 17:50
芹菜,阳泉农产品批发市场有限公司,,,4,元/公斤,2025-9-16 17:50
大蒜,阳泉农产品批发市场有限公司,,,8,元/公斤,2025-9-16 17:50
生姜,阳泉农产品批发市场有限公司,,,9,元/公斤,2025-9-16 17:50
大葱,阳泉农产品批发市场有限公司,,,2,元/公斤,2025-9-16 17:50
葱头,阳泉农产品批发市场有限公司,,,1.2,元/公斤,2025-9-16 17:50
大白菜,阳泉农产品批发市场有限公司,,,1.2,元/公斤,2025-9-16 17:50
洋白菜,阳泉农产品批发市场有限公司,,,1.2,元/公斤,2025-9-16 17:50
油菜,阳泉农产品批发市场有限公司,,,2.4,元/公斤,2025-9-16 17:50
生菜,阳泉农产品批发市场有限公司,,,2.6,元/公斤,2025-9-16 17:50
香菜,阳泉农产品批发市场有限公司,,,8,元/公斤,2025-9-16 17:50
韭菜,阳泉农产品批发市场有限公司,,,4,元/公斤,2025-9-16 17:50
白萝卜,阳泉农产品批发市场有限公司,,,1.5,元/公斤,2025-9-16 17:50
猪肉,长治市紫坊农产品综合交易市场有限公司,28,27,27.5,元/公斤,2025-9-16 17:50
大豆,长治市紫坊农产品综合交易市场有限公司,8,7,7.5,元/公斤,2025-9-16 17:50
香蕉,长治市紫坊农产品综合交易市场有限公司,8,7,7.5,元/公斤,2025-9-16 17:50
苦瓜,长治市紫坊农产品综合交易市场有限公司,4.6,4,4.3,元/公斤,2025-9-16 17:50
西葫芦,长治市紫坊农产品综合交易市场有限公司,4,3.4,3.7,元/公斤,2025-9-16 17:50
黄瓜,长治市紫坊农产品综合交易市场有限公司,4,3.4,3.7,元/公斤,2025-9-16 17:50
青椒,长治市紫坊农产品综合交易市场有限公司,7.6,6.8,7.2,元/公斤,2025-9-16 17:50
尖椒,长治市紫坊农产品综合交易市场有限公司,6.2,5.6,5.9,元/公斤,2025-9-16 17:50
西红柿,长治市紫坊农产品综合交易市场有限公司,6,5.4,5.7,元/公斤,2025-9-16 17:50
西兰花,长治市紫坊农产品综合交易市场有限公司,11.6,11,11.3,元/公斤,2025-9-16 17:50
菜花,长治市紫坊农产品综合交易市场有限公司,6,5,5.5,元/公斤,2025-9-16 17:50
蒜薹,长治市紫坊农产品综合交易市场有限公司,7,6,6.5,元/公斤,2025-9-16 17:50
茭白,长治市紫坊农产品综合交易市场有限公司,16,14,15,元/公斤,2025-9-16 17:50
莲藕,长治市紫坊农产品综合交易市场有限公司,8,7.4,7.7,元/公斤,2025-9-16 17:50
莴笋,长治市紫坊农产品综合交易市场有限公司,8,7,7.5,元/公斤,2025-9-16 17:50
芹菜,长治市紫坊农产品综合交易市场有限公司,5.4,4.8,5.1,元/公斤,2025-9-16 17:50
大蒜,长治市紫坊农产品综合交易市场有限公司,10,9.6,9.8,元/公斤,2025-9-16 17:50
生姜,长治市紫坊农产品综合交易市场有限公司,11.4,10.6,10.8,元/公斤,2025-9-16 17:50
大葱,长治市紫坊农产品综合交易市场有限公司,3.4,2.6,3,元/公斤,2025-9-16 17:50
葱头,长治市紫坊农产品综合交易市场有限公司,2,1.6,1.8,元/公斤,2025-9-16 17:50
芋头,长治市紫坊农产品综合交易市场有限公司,11,10,10.5,元/公斤,2025-9-16 17:50
山药,长治市紫坊农产品综合交易市场有限公司,7,6,6.5,元/公斤,2025-9-16 17:50
土豆,长治市紫坊农产品综合交易市场有限公司,2.6,1.8,2.2,元/公斤,2025-9-16 17:50
胡萝卜,长治市紫坊农产品综合交易市场有限公司,3,2.4,2.7,元/公斤,2025-9-16 17:50
茴香,长治市紫坊农产品综合交易市场有限公司,7,6,6.5,元/公斤,2025-9-16 17:50
蒜苗,长治市紫坊农产品综合交易市场有限公司,10,9,9.5,元/公斤,2025-9-16 17:50
韭菜,长治市紫坊农产品综合交易市场有限公司,5.6,4.8,5.1,元/公斤,2025-9-16 17:50
空心菜,长治市紫坊农产品综合交易市场有限公司,8,7,7.5,元/公斤,2025-9-16 17:50
油麦菜,长治市紫坊农产品综合交易市场有限公司,8.2,7.4,7.7,元/公斤,2025-9-16 17:50
香菜,长治市紫坊农产品综合交易市场有限公司,7,6,6.5,元/公斤,2025-9-16 17:50
茼蒿,长治市紫坊农产品综合交易市场有限公司,8,7,7.5,元/公斤,2025-9-16 17:50
菠菜,长治市紫坊农产品综合交易市场有限公司,11,10,11,元/公斤,2025-9-16 17:50
生菜,长治市紫坊农产品综合交易市场有限公司,7.4,6.6,7,元/公斤,2025-9-16 17:50
油菜,长治市紫坊农产品综合交易市场有限公司,7,6,6.5,元/公斤,2025-9-16 17:50
绿豆,长治市紫坊农产品综合交易市场有限公司,15,14,14.5,元/公斤,2025-9-16 17:50
花生,长治市紫坊农产品综合交易市场有限公司,14,13,13.5,元/公斤,2025-9-16 17:50
大白菜,长治市紫坊农产品综合交易市场有限公司,2.8,2.2,2.5,元/公斤,2025-9-16 17:50
洋白菜,长治市紫坊农产品综合交易市场有限公司,3.2,2.6,2.9,元/公斤,2025-9-16 17:50
白萝卜,长治市紫坊农产品综合交易市场有限公司,2.6,2,2.3,元/公斤,2025-9-16 17:50
条形辣椒干（小米椒）,长治市紫坊农产品综合交易市场有限公司,17,16,16.5,元/公斤,2025-9-16 17:50
红椒,长治市紫坊农产品综合交易市场有限公司,8,7,7.5,元/公斤,2025-9-16 17:50
圆茄子,长治市紫坊农产品综合交易市场有限公司,4.6,4,4.3,元/公斤,2025-9-16 17:50
长茄子,长治市紫坊农产品综合交易市场有限公司,3.8,3,3.4,元/公斤,2025-9-16 17:50
南瓜,长治市紫坊农产品综合交易市场有限公司,2.6,2,2.3,元/公斤,2025-9-16 17:50
冬瓜,长治市紫坊农产品综合交易市场有限公司,2,1.4,1.7,元/公斤,2025-9-16 17:50
丝瓜,长治市紫坊农产品综合交易市场有限公司,6,5,5.5,元/公斤,2025-9-16 17:50
豆角,长治市紫坊农产品综合交易市场有限公司,6.6,6,6.3,元/公斤,2025-9-16 17:50
荷兰豆,长治市紫坊农产品综合交易市场有限公司,32,30,31,元/公斤,2025-9-16 17:50
蘑菇,长治市紫坊农产品综合交易市场有限公司,13,12,12.5,元/公斤,2025-9-16 17:50
杏鲍菇,长治市紫坊农产品综合交易市场有限公司,8.6,8,8.3,元/公斤,2025-9-16 17:50
香菇,长治市紫坊农产品综合交易市场有限公司,15,14,14.5,元/公斤,2025-9-16 17:50
银耳,长治市紫坊农产品综合交易市场有限公司,80,70,75,元/公斤,2025-9-16 17:50
苹果,长治市紫坊农产品综合交易市场有限公司,12,10,11,元/公斤,2025-9-16 17:50
梨,长治市紫坊农产品综合交易市场有限公司,10,9,9.5,元/公斤,2025-9-16 17:50
橙子,长治市紫坊农产品综合交易市场有限公司,10,8,9,元/公斤,2025-9-16 17:50
香油,长治市紫坊农产品综合交易市场有限公司,40,32,36,元/公斤,2025-9-16 17:50
牛肉,长治市紫坊农产品综合交易市场有限公司,76,74,75,元/公斤,2025-9-16 17:50
羊肉,长治市紫坊农产品综合交易市场有限公司,70,68,69,元/公斤,2025-9-16 17:50
白条鸡,长治市紫坊农产品综合交易市场有限公司,24,22,23,元/公斤,2025-9-16 17:50
乌鸡,长治市紫坊农产品综合交易市场有限公司,20,18,19,元/公斤,2025-9-16 17:50
鸭肉,长治市紫坊农产品综合交易市场有限公司,14,12,13,元/公斤,2025-9-16 17:50
鸡蛋,长治市紫坊农产品综合交易市场有限公司,8.4,8,8.2,元/公斤,2025-9-16 17:50
鸭蛋,长治市紫坊农产品综合交易市场有限公司,16,15,15.5,元/公斤,2025-9-16 17:50
鲢鱼,长治市紫坊农产品综合交易市场有限公司,14,12,13,元/公斤,2025-9-16 17:50
活草鱼,长治市紫坊农产品综合交易市场有限公司,20,19,19.5,元/公斤,2025-9-16 17:50
活鲫鱼,长治市紫坊农产品综合交易市场有限公司,16,14,15,元/公斤,2025-9-16 17:50
活鲤鱼,长治市紫坊农产品综合交易市场有限公司,17,16,16.5,元/公斤,2025-9-16 17:50
淡水鲈鱼,长治市紫坊农产品综合交易市场有限公司,46,44,45,元/公斤,2025-9-16 17:50
黑鱼,长治市紫坊农产品综合交易市场有限公司,24,22,23,元/公斤,2025-9-16 17:50
黄鳝,长治市紫坊农产品综合交易市场有限公司,100,90,95,元/公斤,2025-9-16 17:50
泥鳅,长治市紫坊农产品综合交易市场有限公司,30,28,29,元/公斤,2025-9-16 17:50
武昌鱼,长治市紫坊农产品综合交易市场有限公司,26,24,25,元/公斤,2025-9-16 17:50
带鱼,长治市紫坊农产品综合交易市场有限公司,36,34,35,元/公斤,2025-9-16 17:50
黄鱼,长治市紫坊农产品综合交易市场有限公司,50,46,48,元/公斤,2025-9-16 17:50
猪肉(白条猪),北京新发地农副产品批发市场信息中心,17.3,15.4,16.35,元/公斤,2025-9-16 17:50
猕猴桃,北京新发地农副产品批发市场信息中心,14,12.6,13.3,元/公斤,2025-9-16 17:50
木瓜,北京新发地农副产品批发市场信息中心,11,9,10,元/公斤,2025-9-16 17:50
芒果,北京新发地农副产品批发市场信息中心,13.5,13.5,13.5,元/公斤,2025-9-16 17:50
菠萝,北京新发地农副产品批发市场信息中心,7,6.6,6.8,元/公斤,2025-9-16 17:50
香蕉,北京新发地农副产品批发市场信息中心,6,5,5.5,元/公斤,2025-9-16 17:50
柠檬,北京新发地农副产品批发市场信息中心,14,10,12,元/公斤,2025-9-16 17:50
面粉,北京新发地农副产品批发市场信息中心,3.12,3.04,3.08,元/公斤,2025-9-16 17:50
活鲤鱼,北京新发地农副产品批发市场信息中心,14,13,13.5,元/公斤,2025-9-16 17:50
活鲫鱼,北京新发地农副产品批发市场信息中心,30,22,26,元/公斤,2025-9-16 17:50
活草鱼,北京新发地农副产品批发市场信息中心,22,17,19.5,元/公斤,2025-9-16 17:50
白鲢活鱼,北京新发地农副产品批发市场信息中心,11,9,10,元/公斤,2025-9-16 17:50
鸭蛋,北京新发地农副产品批发市场信息中心,13,11,12,元/公斤,2025-9-16 17:50
鸡蛋,北京新发地农副产品批发市场信息中心,7.96,7.72,7.84,元/公斤,2025-9-16 17:50
羊肉,北京新发地农副产品批发市场信息中心,49,49,49,元/公斤,2025-9-16 17:50
牛肉,北京新发地农副产品批发市场信息中心,58,54,56,元/公斤,2025-9-16 17:50
猪后腿肌肉,北京新发地农副产品批发市场信息中心,17,15,16,元/公斤,2025-9-16 17:50
猪前腿肌肉,北京新发地农副产品批发市场信息中心,17,15,16,元/公斤,2025-9-16 17:50
花生油,北京新发地农副产品批发市场信息中心,31.52,30.86,31.2,元/公斤,2025-9-16 17:50
一级豆油(散装),北京新发地农副产品批发市场信息中心,9.14,8.96,9.05,元/公斤,2025-9-16 17:50
西瓜,北京新发地农副产品批发市场信息中心,4.37,4.37,4.37,元/公斤,2025-9-16 17:50
杨桃,北京新发地农副产品批发市场信息中心,18,16,17,元/公斤,2025-9-16 17:50
黄元帅苹果,北京新发地农副产品批发市场信息中心,9,7,8,元/公斤,2025-9-16 17:50
富士苹果,北京新发地农副产品批发市场信息中心,11,8.4,9.7,元/公斤,2025-9-16 17:50
金针菇,北京新发地农副产品批发市场信息中心,8,7.2,7.6,元/公斤,2025-9-16 17:50
香菇,北京新发地农副产品批发市场信息中心,13,6,9.5,元/公斤,2025-9-16 17:50
杏鲍菇,北京新发地农副产品批发市场信息中心,6,5.2,5.6,元/公斤,2025-9-16 17:50
平菇,北京新发地农副产品批发市场信息中心,8,4,6,元/公斤,2025-9-16 17:50
豇豆,北京新发地农副产品批发市场信息中心,5.6,4,4.8,元/公斤,2025-9-16 17:50
荷兰豆,北京新发地农副产品批发市场信息中心,18,17,17.5,元/公斤,2025-9-16 17:50
丝瓜,北京新发地农副产品批发市场信息中心,10,8,9,元/公斤,2025-9-16 17:50
冬瓜,北京新发地农副产品批发市场信息中心,1.6,0.8,1.2,元/公斤,2025-9-16 17:50
南瓜,北京新发地农副产品批发市场信息中心,2,1.6,1.8,元/公斤,2025-9-16 17:50
西葫芦,北京新发地农副产品批发市场信息中心,4,3.6,3.8,元/公斤,2025-9-16 17:50
黄瓜,北京新发地农副产品批发市场信息中心,5,2.4,3.7,元/公斤,2025-9-16 17:50
长茄子,北京新发地农副产品批发市场信息中心,3.6,2.4,3,元/公斤,2025-9-16 17:50
青椒,北京新发地农副产品批发市场信息中心,8,6,7,元/公斤,2025-9-16 17:50
尖椒,北京新发地农副产品批发市场信息中心,6.4,3.6,5,元/公斤,2025-9-16 17:50
西红柿,北京新发地农副产品批发市场信息中心,5.6,3,4.3,元/公斤,2025-9-16 17:50
西兰花,北京新发地农副产品批发市场信息中心,7,5.2,6.1,元/公斤,2025-9-16 17:50
韭黄,北京新发地农副产品批发市场信息中心,12,11,11.5,元/公斤,2025-9-16 17:50
黄豆芽,北京新发地农副产品批发市场信息中心,2,1.9,1.95,元/公斤,2025-9-16 17:50
绿豆芽,北京新发地农副产品批发市场信息中心,2,1.8,1.9,元/公斤,2025-9-16 17:50
莲藕,北京新发地农副产品批发市场信息中心,7,5,6,元/公斤,2025-9-16 17:50
莴笋,北京新发地农副产品批发市场信息中心,5,2.4,3.7,元/公斤,2025-9-16 17:50
芹菜,北京新发地农副产品批发市场信息中心,4.2,3.6,3.9,元/公斤,2025-9-16 17:50
大蒜,北京新发地农副产品批发市场信息中心,9,6,7.5,元/公斤,2025-9-16 17:50
生姜,北京新发地农副产品批发市场信息中心,12,6,9,元/公斤,2025-9-16 17:50
大葱,北京新发地农副产品批发市场信息中心,2.2,1.6,1.9,元/公斤,2025-9-16 17:50
葱头,北京新发地农副产品批发市场信息中心,1.4,1.2,1.3,元/公斤,2025-9-16 17:50
山药,北京新发地农副产品批发市场信息中心,6,5,5.5,元/公斤,2025-9-16 17:50
土豆,北京新发地农副产品批发市场信息中心,2.4,1.5,1.95,元/公斤,2025-9-16 17:50
胡萝卜,北京新发地农副产品批发市场信息中心,1.5,0.8,1.15,元/公斤,2025-9-16 17:50
白萝卜,北京新发地农副产品批发市场信息中心,1.4,1,1.2,元/公斤,2025-9-16 17:50
蒜苗,北京新发地农副产品批发市场信息中心,9,3.6,6.3,元/公斤,2025-9-16 17:50
大米,北京新发地农副产品批发市场信息中心,5.75,5.75,5.75,元/公斤,2025-9-16 17:50
绿豆,北京新发地农副产品批发市场信息中心,13,12.4,12.7,元/公斤,2025-9-16 17:50
红小豆,北京新发地农副产品批发市场信息中心,14,12,13,元/公斤,2025-9-16 17:50
大白菜,北京新发地农副产品批发市场信息中心,1.2,1,1.1,元/公斤,2025-9-16 17:50
小白菜,北京新发地农副产品批发市场信息中心,5,3,4,元/公斤,2025-9-16 17:50
生菜,北京新发地农副产品批发市场信息中心,5,3,4,元/公斤,2025-9-16 17:50
苋菜,北京新发地农副产品批发市场信息中心,10,8.4,9.2,元/公斤,2025-9-16 17:50
油麦菜,北京新发地农副产品批发市场信息中心,7,5,6,元/公斤,2025-9-16 17:50
韭菜,北京新发地农副产品批发市场信息中心,5,4,4.5,元/公斤,2025-9-16 17:50
小葱,北京新发地农副产品批发市场信息中心,7,6.6,6.8,元/公斤,2025-9-16 17:50
心里美萝卜,北京新发地农副产品批发市场信息中心,2.4,2,2.2,元/公斤,2025-9-16 17:50
鸭梨,北京新发地农副产品批发市场信息中心,4,3.6,3.8,元/公斤,2025-9-16 17:50
香梨,北京新发地农副产品批发市场信息中心,11,8,9.5,元/公斤,2025-9-16 17:50
芒果(台农一号),北京新发地农副产品批发市场信息中心,12,8,10,元/公斤,2025-9-16 17:50
特小凤西瓜,北京新发地农副产品批发市场信息中心,6,5.6,5.8,元/公斤,2025-9-16 17:50
网纹瓜,北京新发地农副产品批发市场信息中心,10,4.4,7.2,元/公斤,2025-9-16 17:50
猪大排肌肉,北京新发地农副产品批发市场信息中心,23,19,21,元/公斤,2025-9-16 17:50
猪肚,北京新发地农副产品批发市场信息中心,36,36,36,元/公斤,2025-9-16 17:50
猪肝,北京新发地农副产品批发市场信息中心,10,9,9.5,元/公斤,2025-9-16 17:50
猪心,北京新发地农副产品批发市场信息中心,13,13,13,元/公斤,2025-9-16 17:50
猪肺,北京新发地农副产品批发市场信息中心,5,4,4.5,元/公斤,2025-9-16 17:50
肥膘,北京新发地农副产品批发市场信息中心,9,8,8.5,元/公斤,2025-9-16 17:50
白条鸡,北京新发地农副产品批发市场信息中心,15,14,14.5,元/公斤,2025-9-16 17:50
猪肉(白条猪),北京京丰岳各庄农副产品批发市场,18.2,16,17.1,元/公斤,2025-9-16 17:50
大白菜,北京京丰岳各庄农副产品批发市场,2.2,1.4,1.6,元/公斤,2025-9-16 17:50
活鲤鱼,北京京丰岳各庄农副产品批发市场,14,12,13,元/公斤,2025-9-16 17:50
活鲫鱼,北京京丰岳各庄农副产品批发市场,20,18,19,元/公斤,2025-9-16 17:50
活草鱼,北京京丰岳各庄农副产品批发市场,17,15,16,元/公斤,2025-9-16 17:50
白鲢活鱼,北京京丰岳各庄农副产品批发市场,10,8,9,元/公斤,2025-9-16 17:50
花鲢活鱼,北京京丰岳各庄农副产品批发市场,20,18,19,元/公斤,2025-9-16 17:50
鸡蛋,北京京丰岳各庄农副产品批发市场,8.2,7.9,8.05,元/公斤,2025-9-16 17:50
羊肉,北京京丰岳各庄农副产品批发市场,51,48,49.5,元/公斤,2025-9-16 17:50
牛肉,北京京丰岳各庄农副产品批发市场,60.4,58.4,59.4,元/公斤,2025-9-16 17:50
西瓜,北京京丰岳各庄农副产品批发市场,2.6,2.2,2.4,元/公斤,2025-9-16 17:50
菠萝,北京京丰岳各庄农副产品批发市场,8,7.2,7.6,元/公斤,2025-9-16 17:50
香蕉,北京京丰岳各庄农副产品批发市场,6,5.6,5.8,元/公斤,2025-9-16 17:50
脐橙,北京京丰岳各庄农副产品批发市场,11,10,10.4,元/公斤,2025-9-16 17:50
橘、柑,北京京丰岳各庄农副产品批发市场,8,6,7,元/公斤,2025-9-16 17:50
鸭梨,北京京丰岳各庄农副产品批发市场,7,5,6,元/公斤,2025-9-16 17:50
富士苹果,北京京丰岳各庄农副产品批发市场,10,8,9,元/公斤,2025-9-16 17:50
香菇,北京京丰岳各庄农副产品批发市场,10,8,9,元/公斤,2025-9-16 17:50
平菇,北京京丰岳各庄农副产品批发市场,8,6,7,元/公斤,2025-9-16 17:50
豆角,北京京丰岳各庄农副产品批发市场,11,8,8.6,元/公斤,2025-9-16 17:50
冬瓜,北京京丰岳各庄农副产品批发市场,2,1.2,1.4,元/公斤,2025-9-16 17:50
南瓜,北京京丰岳各庄农副产品批发市场,4,2.4,2.6,元/公斤,2025-9-16 17:50
西葫芦,北京京丰岳各庄农副产品批发市场,5,3.6,4,元/公斤,2025-9-16 17:50
黄瓜,北京京丰岳各庄农副产品批发市场,6,4,5,元/公斤,2025-9-16 17:50
茄子,北京京丰岳各庄农副产品批发市场,3.4,2,3,元/公斤,2025-9-16 17:50
青椒,北京京丰岳各庄农副产品批发市场,7,6,6.4,元/公斤,2025-9-16 17:50
西红柿,北京京丰岳各庄农副产品批发市场,6,4,5,元/公斤,2025-9-16 17:50
菜花,北京京丰岳各庄农副产品批发市场,6,4,5,元/公斤,2025-9-16 17:50
蒜薹,北京京丰岳各庄农副产品批发市场,10,6,7,元/公斤,2025-9-16 17:50
莲藕,北京京丰岳各庄农副产品批发市场,7,5,6,元/公斤,2025-9-16 17:50
莴笋,北京京丰岳各庄农副产品批发市场,4,3,3.6,元/公斤,2025-9-16 17:50
芹菜,北京京丰岳各庄农副产品批发市场,4.8,4,4.4,元/公斤,2025-9-16 17:50
大蒜,北京京丰岳各庄农副产品批发市场,11,10,10.4,元/公斤,2025-9-16 17:50
生姜,北京京丰岳各庄农副产品批发市场,10,8,9,元/公斤,2025-9-16 17:50
大葱,北京京丰岳各庄农副产品批发市场,3.2,2.6,3,元/公斤,2025-9-16 17:50
葱头,北京京丰岳各庄农副产品批发市场,2.4,1.6,1.8,元/公斤,2025-9-16 17:50
土豆,北京京丰岳各庄农副产品批发市场,3.6,2,2.4,元/公斤,2025-9-16 17:50
胡萝卜,北京京丰岳各庄农副产品批发市场,2.6,2,2.2,元/公斤,2025-9-16 17:50
白萝卜,北京京丰岳各庄农副产品批发市场,2,1.6,1.8,元/公斤,2025-9-16 17:50
韭菜,北京京丰岳各庄农副产品批发市场,6.6,5.6,6,元/公斤,2025-9-16 17:50
茼蒿,北京京丰岳各庄农副产品批发市场,13,12,12.4,元/公斤,2025-9-16 17:50
菠菜,北京京丰岳各庄农副产品批发市场,9,8,8.4,元/公斤,2025-9-16 17:50
生菜,北京京丰岳各庄农副产品批发市场,6,4.6,5,元/公斤,2025-9-16 17:50
小白菜,北京京丰岳各庄农副产品批发市场,6.4,5.6,6,元/公斤,2025-9-16 17:50
油菜,北京京丰岳各庄农副产品批发市场,6,5,5.4,元/公斤,2025-9-16 17:50
洋白菜,北京京丰岳各庄农副产品批发市场,3.8,1.6,2,元/公斤,2025-9-16 17:50
白条鸡,北京京丰岳各庄农副产品批发市场,17.4,12,14.7,元/公斤,2025-9-16 17:50
猕猴桃,北京朝阳区大洋路综合市场,12,10,11,元/公斤,2025-9-16 17:50
椰子,北京朝阳区大洋路综合市场,10.2,9.3,9.8,元/公斤,2025-9-16 17:50
杨桃,北京朝阳区大洋路综合市场,28,21,24,元/公斤,2025-9-16 17:50
人参果,北京朝阳区大洋路综合市场,15,14.2,14.6,元/公斤,2025-9-16 17:50
榴莲,北京朝阳区大洋路综合市场,51,45,48,元/公斤,2025-9-16 17:50
红毛丹,北京朝阳区大洋路综合市场,50,40,43,元/公斤,2025-9-16 17:50
木瓜,北京朝阳区大洋路综合市场,12.3,11.2,11.6,元/公斤,2025-9-16 17:50
荔枝,北京朝阳区大洋路综合市场,20,16,17,元/公斤,2025-9-16 17:50
柚子,北京朝阳区大洋路综合市场,10,8,9,元/公斤,2025-9-16 17:50
甜橙,北京朝阳区大洋路综合市场,10.2,9.2,9.6,元/公斤,2025-9-16 17:50
樱桃,北京朝阳区大洋路综合市场,123,120,121,元/公斤,2025-9-16 17:50
玉米,北京朝阳区大洋路综合市场,3,2.6,2.8,元/公斤,2025-9-16 17:50
鹌鹑蛋,北京朝阳区大洋路综合市场,10.5,10.5,10.5,元/公斤,2025-9-16 17:50
鸭蛋,北京朝阳区大洋路综合市场,12,12,12,元/公斤,2025-9-16 17:50
鸡蛋,北京朝阳区大洋路综合市场,7.5,7.5,7.5,元/公斤,2025-9-16 17:50
羊肉,北京朝阳区大洋路综合市场,46,46,46,元/公斤,2025-9-16 17:50
牛肉,北京朝阳区大洋路综合市场,57.5,57.5,57.5,元/公斤,2025-9-16 17:50
哈密瓜,北京朝阳区大洋路综合市场,5.3,4.3,4.4,元/公斤,2025-9-16 17:50
山楂,北京朝阳区大洋路综合市场,17,15,16,元/公斤,2025-9-16 17:50
毛豆,北京朝阳区大洋路综合市场,11.1,9.1,10.1,元/公斤,2025-9-16 17:50
豇豆,北京朝阳区大洋路综合市场,7,5,6.5,元/公斤,2025-9-16 17:50
荷兰豆,北京朝阳区大洋路综合市场,26,24,25.1,元/公斤,2025-9-16 17:50
豆角,北京朝阳区大洋路综合市场,13,6,10,元/公斤,2025-9-16 17:50
丝瓜,北京朝阳区大洋路综合市场,10,8,9,元/公斤,2025-9-16 17:50
冬瓜,北京朝阳区大洋路综合市场,1.3,1,1.1,元/公斤,2025-9-16 17:50
南瓜,北京朝阳区大洋路综合市场,2.1,1.8,2,元/公斤,2025-9-16 17:50
苦瓜,北京朝阳区大洋路综合市场,4,3.6,3.8,元/公斤,2025-9-16 17:50
黄瓜,北京朝阳区大洋路综合市场,11,9,10,元/公斤,2025-9-16 17:50
茄子,北京朝阳区大洋路综合市场,6,3.2,4.6,元/公斤,2025-9-16 17:50
青椒,北京朝阳区大洋路综合市场,8,7,7.5,元/公斤,2025-9-16 17:50
尖椒,北京朝阳区大洋路综合市场,6,3,4.5,元/公斤,2025-9-16 17:50
西红柿,北京朝阳区大洋路综合市场,6,5,5.5,元/公斤,2025-9-16 17:50
豌豆苗,北京朝阳区大洋路综合市场,13,12.5,12.7,元/公斤,2025-9-16 17:50
黄豆芽,北京朝阳区大洋路综合市场,2.1,1.9,2,元/公斤,2025-9-16 17:50
绿豆芽,北京朝阳区大洋路综合市场,2.1,1.9,2,元/公斤,2025-9-16 17:50
莲藕,北京朝阳区大洋路综合市场,8,5,6.5,元/公斤,2025-9-16 17:50
莴笋,北京朝阳区大洋路综合市场,4.2,4,4.1,元/公斤,2025-9-16 17:50
芹菜,北京朝阳区大洋路综合市场,4.5,3.5,4.1,元/公斤,2025-9-16 17:50
大蒜,北京朝阳区大洋路综合市场,9,7,8.1,元/公斤,2025-9-16 17:50
生姜,北京朝阳区大洋路综合市场,6,5,5.5,元/公斤,2025-9-16 17:50
大葱,北京朝阳区大洋路综合市场,2.6,2.4,2.5,元/公斤,2025-9-16 17:50
葱头,北京朝阳区大洋路综合市场,2,1.6,1.9,元/公斤,2025-9-16 17:50
芋头,北京朝阳区大洋路综合市场,8,7,7.5,元/公斤,2025-9-16 17:50
山药,北京朝阳区大洋路综合市场,13,11,12,元/公斤,2025-9-16 17:50
土豆,北京朝阳区大洋路综合市场,2,1.4,1.6,元/公斤,2025-9-16 17:50
胡萝卜,北京朝阳区大洋路综合市场,2,1.5,1.75,元/公斤,2025-9-16 17:50
茴香,北京朝阳区大洋路综合市场,6.5,6,6.3,元/公斤,2025-9-16 17:50
蒜苗,北京朝阳区大洋路综合市场,9.8,4,7,元/公斤,2025-9-16 17:50
韭菜,北京朝阳区大洋路综合市场,6,5,5.5,元/公斤,2025-9-16 17:50
空心菜,北京朝阳区大洋路综合市场,10,8,9,元/公斤,2025-9-16 17:50
油麦菜,北京朝阳区大洋路综合市场,10,8,9,元/公斤,2025-9-16 17:50
香菜,北京朝阳区大洋路综合市场,5,4.5,4.7,元/公斤,2025-9-16 17:50
菠菜,北京朝阳区大洋路综合市场,12,10,11,元/公斤,2025-9-16 17:50
生菜,北京朝阳区大洋路综合市场,5,4,4.5,元/公斤,2025-9-16 17:50
油菜,北京朝阳区大洋路综合市场,6,5,5.5,元/公斤,2025-9-16 17:50
大白菜,北京朝阳区大洋路综合市场,1.1,1,1,元/公斤,2025-9-16 17:50
洋白菜,北京朝阳区大洋路综合市场,2.1,1.7,1.9,元/公斤,2025-9-16 17:50
小葱,北京朝阳区大洋路综合市场,6,5,5.5,元/公斤,2025-9-16 17:50
白萝卜,北京朝阳区大洋路综合市场,1.1,0.9,1,元/公斤,2025-9-16 17:50
青萝卜,北京朝阳区大洋路综合市场,2,1,1.5,元/公斤,2025-9-16 17:50
冬笋,北京朝阳区大洋路综合市场,11,10.4,10.7,元/公斤,2025-9-16 17:50
豌豆,北京朝阳区大洋路综合市场,10,8,9,元/公斤,2025-9-16 17:50
平菇,北京朝阳区大洋路综合市场,8.1,6.1,7.1,元/公斤,2025-9-16 17:50
杏鲍菇,北京朝阳区大洋路综合市场,8,7,7.6,元/公斤,2025-9-16 17:50
金针菇,北京朝阳区大洋路综合市场,6,4.5,5.5,元/公斤,2025-9-16 17:50
鸡腿菇,北京朝阳区大洋路综合市场,30,26,28.2,元/公斤,2025-9-16 17:50
富士苹果,北京朝阳区大洋路综合市场,12,10,11,元/公斤,2025-9-16 17:50
蛇果,北京朝阳区大洋路综合市场,24,16,18,元/公斤,2025-9-16 17:50
黄香蕉苹果,北京朝阳区大洋路综合市场,8.5,7.2,7.6,元/公斤,2025-9-16 17:50
鸭梨,北京朝阳区大洋路综合市场,7.2,6.3,6.6,元/公斤,2025-9-16 17:50
酥梨,北京朝阳区大洋路综合市场,6.2,5.1,5.4,元/公斤,2025-9-16 17:50
白梨,北京朝阳区大洋路综合市场,6,5.5,5.8,元/公斤,2025-9-16 17:50
冬枣,北京朝阳区大洋路综合市场,14,12,13,元/公斤,2025-9-16 17:50
蜜桔,北京朝阳区大洋路综合市场,8,7,7.5,元/公斤,2025-9-16 17:50
脐橙,北京朝阳区大洋路综合市场,12.3,7.1,9.4,元/公斤,2025-9-16 17:50
网纹瓜,北京朝阳区大洋路综合市场,14,7,9.4,元/公斤,2025-9-16 17:50
白条鸡,北京朝阳区大洋路综合市场,12.71,12.71,12.71,元/公斤,2025-9-16 17:50
白鲢活鱼,北京朝阳区大洋路综合市场,7,6,6.5,元/公斤,2025-9-16 17:50
活草鱼,北京朝阳区大洋路综合市场,20,18,19,元/公斤,2025-9-16 17:50
活鲫鱼,北京朝阳区大洋路综合市场,31,29,30,元/公斤,2025-9-16 17:50
活鲤鱼,北京朝阳区大洋路综合市场,16,14,15,元/公斤,2025-9-16 17:50
桂鱼,北京朝阳区大洋路综合市场,90,88,89,元/公斤,2025-9-16 17:50
黑鱼,北京朝阳区大洋路综合市场,23,21,22,元/公斤,2025-9-16 17:50
鲶鱼,北京朝阳区大洋路综合市场,10,8,9,元/公斤,2025-9-16 17:50
大带鱼,北京朝阳区大洋路综合市场,51,39,45,元/公斤,2025-9-16 17:50
大黄花鱼,北京朝阳区大洋路综合市场,45,43,44,元/公斤,2025-9-16 17:50
鲈鱼,北京朝阳区大洋路综合市场,32,30,31,元/公斤,2025-9-16 17:50
猪肉(白条猪),北京水屯农副产品批发市场中心,19,18,18.3,元/公斤,2025-9-16 17:50
大米,北京水屯农副产品批发市场中心,5,3.6,4.3,元/公斤,2025-9-16 17:50
香菜,北京水屯农副产品批发市场中心,4,2,3,元/公斤,2025-9-16 17:50
韭菜,北京水屯农副产品批发市场中心,4,3,3.5,元/公斤,2025-9-16 17:50
白萝卜,北京水屯农副产品批发市场中心,2,1,1.5,元/公斤,2025-9-16 17:50
胡萝卜,北京水屯农副产品批发市场中心,3,2.3,2.6,元/公斤,2025-9-16 17:50
大葱,北京水屯农副产品批发市场中心,3,2,2.6,元/公斤,2025-9-16 17:50
芹菜,北京水屯农副产品批发市场中心,2,1.6,1.8,元/公斤,2025-9-16 17:50
莴笋,北京水屯农副产品批发市场中心,4.4,2.6,3.1,元/公斤,2025-9-16 17:50
黄瓜,北京水屯农副产品批发市场中心,4,2,3,元/公斤,2025-9-16 17:50
冬瓜,北京水屯农副产品批发市场中心,2.6,1.5,1.9,元/公斤,2025-9-16 17:50
丝瓜,北京水屯农副产品批发市场中心,6,4,5,元/公斤,2025-9-16 17:50
橙子,北京水屯农副产品批发市场中心,6,4,5.5,元/公斤,2025-9-16 17:50
西瓜,北京水屯农副产品批发市场中心,4,2,3,元/公斤,2025-9-16 17:50
鸡肉,北京水屯农副产品批发市场中心,15,13,14,元/公斤,2025-9-16 17:50
鸡蛋,北京水屯农副产品批发市场中心,7,6,6.5,元/公斤,2025-9-16 17:50
活鲫鱼,北京水屯农副产品批发市场中心,22,20,21,元/公斤,2025-9-16 17:50
活鲤鱼,北京水屯农副产品批发市场中心,12,10,11,元/公斤,2025-9-16 17:50
大白菜,广州江南果菜批发市场经营管理有限公司,6,1.2,2.68,元/公斤,2025-9-16 17:50
豆角,广州江南果菜批发市场经营管理有限公司,7,4.6,6,元/公斤,2025-9-16 17:50
冬瓜,广州江南果菜批发市场经营管理有限公司,3,0.8,1.2,元/公斤,2025-9-16 17:50
南瓜,广州江南果菜批发市场经营管理有限公司,4,1.2,1.5,元/公斤,2025-9-16 17:50
洋白菜,广州江南果菜批发市场经营管理有限公司,3,1.4,2.05,元/公斤,2025-9-16 17:50
油菜,广州江南果菜批发市场经营管理有限公司,6,3,3.4,元/公斤,2025-9-16 17:50
生菜,广州江南果菜批发市场经营管理有限公司,6,3,3.8,元/公斤,2025-9-16 17:50
菠菜,广州江南果菜批发市场经营管理有限公司,11.3,7,8.5,元/公斤,2025-9-16 17:50
韭菜,广州江南果菜批发市场经营管理有限公司,8,4,5.5,元/公斤,2025-9-16 17:50
白萝卜,广州江南果菜批发市场经营管理有限公司,1.8,0.7,1.22,元/公斤,2025-9-16 17:50
胡萝卜,广州江南果菜批发市场经营管理有限公司,3,0.8,1.82,元/公斤,2025-9-16 17:50
土豆,广州江南果菜批发市场经营管理有限公司,3.8,1.5,2.67,元/公斤,2025-9-16 17:50
葱头,广州江南果菜批发市场经营管理有限公司,3.2,1.2,1.68,元/公斤,2025-9-16 17:50
大葱,广州江南果菜批发市场经营管理有限公司,4,2.7,3.3,元/公斤,2025-9-16 17:50
芹菜,广州江南果菜批发市场经营管理有限公司,8.3,2.8,4.5,元/公斤,2025-9-16 17:50
莴笋,广州江南果菜批发市场经营管理有限公司,5.6,3,3.9,元/公斤,2025-9-16 17:50
莲藕,广州江南果菜批发市场经营管理有限公司,7.6,5,5.95,元/公斤,2025-9-16 17:50
蒜薹,广州江南果菜批发市场经营管理有限公司,10.5,5,9.2,元/公斤,2025-9-16 17:50
菜花,广州江南果菜批发市场经营管理有限公司,7,3,5,元/公斤,2025-9-16 17:50
西红柿,广州江南果菜批发市场经营管理有限公司,6.6,3.5,5.26,元/公斤,2025-9-16 17:50
青椒,广州江南果菜批发市场经营管理有限公司,10,4.2,6.7,元/公斤,2025-9-16 17:50
茄子,广州江南果菜批发市场经营管理有限公司,6,2,3.1,元/公斤,2025-9-16 17:50
黄瓜,广州江南果菜批发市场经营管理有限公司,6.2,2,3.9,元/公斤,2025-9-16 17:50
西葫芦,广州江南果菜批发市场经营管理有限公司,6,3.2,4.3,元/公斤,2025-9-16 17:50
香菇,广州江南果菜批发市场经营管理有限公司,11,7,10.5,元/公斤,2025-9-16 17:50
富士苹果,广州江南果菜批发市场经营管理有限公司,13,9,11,元/公斤,2025-9-16 17:50
香蕉,广州江南果菜批发市场经营管理有限公司,5.67,2,3.83,元/公斤,2025-9-16 17:50
菠萝,广州江南果菜批发市场经营管理有限公司,5.5,3.75,4.63,元/公斤,2025-9-16 17:50
西瓜,广州江南果菜批发市场经营管理有限公司,6.5,1.75,4.13,元/公斤,2025-9-16 17:50
大白菜,广东汕头农副产品批发中心市场,4,2,3,元/公斤,2025-9-16 17:50
哈密瓜,广东汕头农副产品批发中心市场,7,5,6,元/公斤,2025-9-16 17:50
西瓜,广东汕头农副产品批发中心市场,5,3,4,元/公斤,2025-9-16 17:50
杨桃,广东汕头农副产品批发中心市场,5,3,4,元/公斤,2025-9-16 17:50
火龙果,广东汕头农副产品批发中心市场,7,5,6,元/公斤,2025-9-16 17:50
芒果,广东汕头农副产品批发中心市场,6,4,5,元/公斤,2025-9-16 17:50
香蕉,广东汕头农副产品批发中心市场,5,3,4,元/公斤,2025-9-16 17:50
柠檬,广东汕头农副产品批发中心市场,11,9,10,元/公斤,2025-9-16 17:50
橘、柑,广东汕头农副产品批发中心市场,7,5,6,元/公斤,2025-9-16 17:50
樱桃,广东汕头农副产品批发中心市场,60,40,50,元/公斤,2025-9-16 17:50
芹菜,广东汕头农副产品批发中心市场,7.4,4,5.7,元/公斤,2025-9-16 17:50
生姜,广东汕头农副产品批发中心市场,11.2,4.6,7.9,元/公斤,2025-9-16 17:50
大葱,广东汕头农副产品批发中心市场,4.8,3.6,4.2,元/公斤,2025-9-16 17:50
葱头,广东汕头农副产品批发中心市场,4.2,1.6,2.9,元/公斤,2025-9-16 17:50
芋头,广东汕头农副产品批发中心市场,4,3.8,3.9,元/公斤,2025-9-16 17:50
山药,广东汕头农副产品批发中心市场,10.4,7.2,8.8,元/公斤,2025-9-16 17:50
土豆,广东汕头农副产品批发中心市场,4.4,2.4,3.4,元/公斤,2025-9-16 17:50
胡萝卜,广东汕头农副产品批发中心市场,2.2,1.8,2,元/公斤,2025-9-16 17:50
蒜苗,广东汕头农副产品批发中心市场,7.4,5,6.2,元/公斤,2025-9-16 17:50
韭菜,广东汕头农副产品批发中心市场,7.6,2.8,5.2,元/公斤,2025-9-16 17:50
空心菜,广东汕头农副产品批发中心市场,5,3.8,4.4,元/公斤,2025-9-16 17:50
香菜,广东汕头农副产品批发中心市场,8.4,4.8,6.6,元/公斤,2025-9-16 17:50
苋菜,广东汕头农副产品批发中心市场,6.4,4,5.2,元/公斤,2025-9-16 17:50
茼蒿,广东汕头农副产品批发中心市场,7.6,2.4,5,元/公斤,2025-9-16 17:50
菠菜,广东汕头农副产品批发中心市场,6.8,2.6,4.7,元/公斤,2025-9-16 17:50
生菜,广东汕头农副产品批发中心市场,4.8,2.6,3.7,元/公斤,2025-9-16 17:50
小白菜,广东汕头农副产品批发中心市场,7.6,3.2,5.4,元/公斤,2025-9-16 17:50
油菜,广东汕头农副产品批发中心市场,7.2,3.6,5.4,元/公斤,2025-9-16 17:50
甘蓝,广东汕头农副产品批发中心市场,3.8,2.4,3.1,元/公斤,2025-9-16 17:50
洋白菜,广东汕头农副产品批发中心市场,2.2,1.8,2,元/公斤,2025-9-16 17:50
小葱,广东汕头农副产品批发中心市场,6.8,4,5.4,元/公斤,2025-9-16 17:50
白萝卜,广东汕头农副产品批发中心市场,2.2,1.8,2,元/公斤,2025-9-16 17:50
西洋芹,广东汕头农副产品批发中心市场,5,2.8,3.9,元/公斤,2025-9-16 17:50
莴笋,广东汕头农副产品批发中心市场,3.6,1.8,2.7,元/公斤,2025-9-16 17:50
青笋,广东汕头农副产品批发中心市场,3.6,2.6,3.1,元/公斤,2025-9-16 17:50
莲藕,广东汕头农副产品批发中心市场,7.4,2.8,5.1,元/公斤,2025-9-16 17:50
马蹄,广东汕头农副产品批发中心市场,6.4,5,5.7,元/公斤,2025-9-16 17:50
蒜薹,广东汕头农副产品批发中心市场,10.4,5.8,8.1,元/公斤,2025-9-16 17:50
韭黄,广东汕头农副产品批发中心市场,11,8.8,9.9,元/公斤,2025-9-16 17:50
韭菜花,广东汕头农副产品批发中心市场,24,21,22.5,元/公斤,2025-9-16 17:50
菜花,广东汕头农副产品批发中心市场,5.2,3,4.1,元/公斤,2025-9-16 17:50
西兰花,广东汕头农副产品批发中心市场,5.2,4.4,4.8,元/公斤,2025-9-16 17:50
西红柿,广东汕头农副产品批发中心市场,5.4,3,4.2,元/公斤,2025-9-16 17:50
尖椒,广东汕头农副产品批发中心市场,4,3,3.5,元/公斤,2025-9-16 17:50
绿尖椒,广东汕头农副产品批发中心市场,4.2,2.8,3.5,元/公斤,2025-9-16 17:50
红尖椒,广东汕头农副产品批发中心市场,10,8,9,元/公斤,2025-9-16 17:50
青椒,广东汕头农副产品批发中心市场,4.8,3.6,4.2,元/公斤,2025-9-16 17:50
茄子,广东汕头农副产品批发中心市场,5,2.8,3.9,元/公斤,2025-9-16 17:50
黄瓜,广东汕头农副产品批发中心市场,4.6,3,3.8,元/公斤,2025-9-16 17:50
苦瓜,广东汕头农副产品批发中心市场,5.2,3.2,4.2,元/公斤,2025-9-16 17:50
南瓜,广东汕头农副产品批发中心市场,2.2,1.8,2,元/公斤,2025-9-16 17:50
冬瓜,广东汕头农副产品批发中心市场,2.2,1.8,2,元/公斤,2025-9-16 17:50
菜瓜,广东汕头农副产品批发中心市场,5,4.4,4.7,元/公斤,2025-9-16 17:50
丝瓜,广东汕头农副产品批发中心市场,6.4,4.4,5.4,元/公斤,2025-9-16 17:50
豆角,广东汕头农副产品批发中心市场,7.2,5.2,6.2,元/公斤,2025-9-16 17:50
荷兰豆,广东汕头农副产品批发中心市场,14,9,11.5,元/公斤,2025-9-16 17:50
毛豆,广东汕头农副产品批发中心市场,7.8,6.4,7.1,元/公斤,2025-9-16 17:50
平菇,广东汕头农副产品批发中心市场,7.6,4.6,6.1,元/公斤,2025-9-16 17:50
香菇,广东汕头农副产品批发中心市场,8.2,8,8.1,元/公斤,2025-9-16 17:50
金针菇,广东汕头农副产品批发中心市场,7.2,3.8,5.5,元/公斤,2025-9-16 17:50
猴头菇,广东汕头农副产品批发中心市场,7.6,4.6,6.1,元/公斤,2025-9-16 17:50
苹果,广东汕头农副产品批发中心市场,12,10,11,元/公斤,2025-9-16 17:50
鸭梨,广东汕头农副产品批发中心市场,9,7,8,元/公斤,2025-9-16 17:50
白梨,广东汕头农副产品批发中心市场,9,7,8,元/公斤,2025-9-16 17:50
橙子,广东汕头农副产品批发中心市场,9,7,8,元/公斤,2025-9-16 17:50
猪肉(白条猪),佛山中南农产品批发市场,21.6,18.2,19,元/公斤,2025-9-16 17:50
牛肉,佛山中南农产品批发市场,82.1,69,73.4,元/公斤,2025-9-16 17:50
鸡蛋,佛山中南农产品批发市场,9.3,7,8,元/公斤,2025-9-16 17:50
白条鸡,佛山中南农产品批发市场,22.3,16.5,17.9,元/公斤,2025-9-16 17:50
羊肉,佛山中南农产品批发市场,69.1,43.7,52.8,元/公斤,2025-9-16 17:50
大白菜,佛山中南农产品批发市场,3.5,1.7,2.8,元/公斤,2025-9-16 17:50
油菜,佛山中南农产品批发市场,5,3,3.7,元/公斤,2025-9-16 17:50
生菜,佛山中南农产品批发市场,5.8,3,3.9,元/公斤,2025-9-16 17:50
菠菜,佛山中南农产品批发市场,11,7.5,9,元/公斤,2025-9-16 17:50
韭菜,佛山中南农产品批发市场,7.9,4.2,5.6,元/公斤,2025-9-16 17:50
白萝卜,佛山中南农产品批发市场,1.7,0.7,1.3,元/公斤,2025-9-16 17:50
胡萝卜,佛山中南农产品批发市场,3.2,1.2,2.4,元/公斤,2025-9-16 17:50
土豆,佛山中南农产品批发市场,3.1,1.3,2.5,元/公斤,2025-9-16 17:50
生姜,佛山中南农产品批发市场,10.5,7.1,8,元/公斤,2025-9-16 17:50
芹菜,佛山中南农产品批发市场,6.8,3.5,4.2,元/公斤,2025-9-16 17:50
莴笋,佛山中南农产品批发市场,4.2,2.6,3.6,元/公斤,2025-9-16 17:50
莲藕,佛山中南农产品批发市场,7.5,4.1,5.4,元/公斤,2025-9-16 17:50
蒜薹,佛山中南农产品批发市场,8,5.1,6.5,元/公斤,2025-9-16 17:50
菜花,佛山中南农产品批发市场,5.6,3.6,5,元/公斤,2025-9-16 17:50
西红柿,佛山中南农产品批发市场,6.5,4.2,5.3,元/公斤,2025-9-16 17:50
青椒,佛山中南农产品批发市场,6.6,3.3,4.5,元/公斤,2025-9-16 17:50
茄子,佛山中南农产品批发市场,4.1,2.4,3.1,元/公斤,2025-9-16 17:50
黄瓜,佛山中南农产品批发市场,5.6,3.1,3.8,元/公斤,2025-9-16 17:50
南瓜,佛山中南农产品批发市场,3,1,1.7,元/公斤,2025-9-16 17:50
冬瓜,佛山中南农产品批发市场,2.4,0.8,1.3,元/公斤,2025-9-16 17:50
豆角,佛山中南农产品批发市场,7.5,4.2,6.5,元/公斤,2025-9-16 17:50
猪肉(白条猪),哈尔滨哈达农副产品有限公司,25,22,24,元/公斤,2025-9-16 17:50
大白菜,哈尔滨哈达农副产品有限公司,1.2,1,1.1,元/公斤,2025-9-16 17:50
洋白菜,哈尔滨哈达农副产品有限公司,1.6,1.5,1.55,元/公斤,2025-9-16 17:50
油菜,哈尔滨哈达农副产品有限公司,5,4,4.5,元/公斤,2025-9-16 17:50
生菜,哈尔滨哈达农副产品有限公司,5,4,4.5,元/公斤,2025-9-16 17:50
菠菜,哈尔滨哈达农副产品有限公司,7,3,5,元/公斤,2025-9-16 17:50
韭菜,哈尔滨哈达农副产品有限公司,4,3.6,3.8,元/公斤,2025-9-16 17:50
白萝卜,哈尔滨哈达农副产品有限公司,1.6,1.4,1.5,元/公斤,2025-9-16 17:50
胡萝卜,哈尔滨哈达农副产品有限公司,2,1.8,1.9,元/公斤,2025-9-16 17:50
土豆,哈尔滨哈达农副产品有限公司,2.2,1.2,1.7,元/公斤,2025-9-16 17:50
葱头,哈尔滨哈达农副产品有限公司,1.4,1.2,1.3,元/公斤,2025-9-16 17:50
大葱,哈尔滨哈达农副产品有限公司,2.2,2,2.1,元/公斤,2025-9-16 17:50
生姜,哈尔滨哈达农副产品有限公司,10,8.4,9.2,元/公斤,2025-9-16 17:50
大蒜,哈尔滨哈达农副产品有限公司,10,8,9,元/公斤,2025-9-16 17:50
芹菜,哈尔滨哈达农副产品有限公司,3.6,3.2,3.4,元/公斤,2025-9-16 17:50
莲藕,哈尔滨哈达农副产品有限公司,10,6,8,元/公斤,2025-9-16 17:50
蒜薹,哈尔滨哈达农副产品有限公司,10,4,7,元/公斤,2025-9-16 17:50
菜花,哈尔滨哈达农副产品有限公司,5,4,4.5,元/公斤,2025-9-16 17:50
西红柿,哈尔滨哈达农副产品有限公司,3.4,1.4,2.4,元/公斤,2025-9-16 17:50
青椒,哈尔滨哈达农副产品有限公司,4.2,3.8,4,元/公斤,2025-9-16 17:50
茄子,哈尔滨哈达农副产品有限公司,3.6,1.2,2.4,元/公斤,2025-9-16 17:50
黄瓜,哈尔滨哈达农副产品有限公司,3,1.6,2.3,元/公斤,2025-9-16 17:50
西葫芦,哈尔滨哈达农副产品有限公司,2.4,1,1.7,元/公斤,2025-9-16 17:50
南瓜,哈尔滨哈达农副产品有限公司,3,2.6,2.8,元/公斤,2025-9-16 17:50
冬瓜,哈尔滨哈达农副产品有限公司,1.4,1.2,1.3,元/公斤,2025-9-16 17:50
豆角,哈尔滨哈达农副产品有限公司,6,2,4,元/公斤,2025-9-16 17:50
香菇,哈尔滨哈达农副产品有限公司,10,6,8,元/公斤,2025-9-16 17:50
富士苹果,哈尔滨哈达农副产品有限公司,11.6,8,9.8,元/公斤,2025-9-16 17:50
鸭梨,哈尔滨哈达农副产品有限公司,4.4,3,3.7,元/公斤,2025-9-16 17:50
巨峰葡萄,哈尔滨哈达农副产品有限公司,14,11,12.5,元/公斤,2025-9-16 17:50
香蕉,哈尔滨哈达农副产品有限公司,5.6,5,5.3,元/公斤,2025-9-16 17:50
西瓜,哈尔滨哈达农副产品有限公司,5.2,4.4,4.8,元/公斤,2025-9-16 17:50
牛肉,哈尔滨哈达农副产品有限公司,64,59,60,元/公斤,2025-9-16 17:50
羊肉,哈尔滨哈达农副产品有限公司,71,66,69,元/公斤,2025-9-16 17:50
白条鸡,哈尔滨哈达农副产品有限公司,20,13,16,元/公斤,2025-9-16 17:50
鸡蛋,哈尔滨哈达农副产品有限公司,9,8.5,8.6,元/公斤,2025-9-16 17:50
白鲢活鱼,哈尔滨哈达农副产品有限公司,19,17,18,元/公斤,2025-9-16 17:50
活草鱼,哈尔滨哈达农副产品有限公司,21,19,20,元/公斤,2025-9-16 17:50
活鲫鱼,哈尔滨哈达农副产品有限公司,25,21,22,元/公斤,2025-9-16 17:50
活鲤鱼,哈尔滨哈达农副产品有限公司,17,14,15,元/公斤,2025-9-16 17:50
大白菜,中俄国际农产品交易中心,1.4,0.8,1,元/公斤,2025-9-16 17:50
油菜,中俄国际农产品交易中心,3,2,2.5,元/公斤,2025-9-16 17:50
生菜,中俄国际农产品交易中心,3,2,2.5,元/公斤,2025-9-16 17:50
菠菜,中俄国际农产品交易中心,3,3,3,元/公斤,2025-9-16 17:50
韭菜,中俄国际农产品交易中心,4,2,3,元/公斤,2025-9-16 17:50
白萝卜,中俄国际农产品交易中心,2,2,2,元/公斤,2025-9-16 17:50
胡萝卜,中俄国际农产品交易中心,2,2,2,元/公斤,2025-9-16 17:50
土豆,中俄国际农产品交易中心,1.2,0.8,1,元/公斤,2025-9-16 17:50
葱头,中俄国际农产品交易中心,4,3,3.5,元/公斤,2025-9-16 17:50
大葱,中俄国际农产品交易中心,3,2,2.5,元/公斤,2025-9-16 17:50
生姜,中俄国际农产品交易中心,10,8,9,元/公斤,2025-9-16 17:50
大蒜,中俄国际农产品交易中心,8,6,7,元/公斤,2025-9-16 17:50
芹菜,中俄国际农产品交易中心,3,2,2.5,元/公斤,2025-9-16 17:50
莴笋,中俄国际农产品交易中心,4,4,4,元/公斤,2025-9-16 17:50
莲藕,中俄国际农产品交易中心,10,10,10,元/公斤,2025-9-16 17:50
蒜薹,中俄国际农产品交易中心,9,5,7,元/公斤,2025-9-16 17:50
菜花,中俄国际农产品交易中心,3,3,3,元/公斤,2025-9-16 17:50
西红柿,中俄国际农产品交易中心,4,3,3.5,元/公斤,2025-9-16 17:50
青椒,中俄国际农产品交易中心,4,2,3,元/公斤,2025-9-16 17:50
茄子,中俄国际农产品交易中心,1,0.6,0.8,元/公斤,2025-9-16 17:50
黄瓜,中俄国际农产品交易中心,2,2,2,元/公斤,2025-9-16 17:50
西葫芦,中俄国际农产品交易中心,2,2,2,元/公斤,2025-9-16 17:50
南瓜,中俄国际农产品交易中心,2.4,2,2,元/公斤,2025-9-16 17:50
冬瓜,中俄国际农产品交易中心,2,1.6,1.8,元/公斤,2025-9-16 17:50
豆角,中俄国际农产品交易中心,3.6,2.4,3,元/公斤,2025-9-16 17:50
平菇,中俄国际农产品交易中心,8,5,6.5,元/公斤,2025-9-16 17:50
香菇,中俄国际农产品交易中心,10,6,8,元/公斤,2025-9-16 17:50
富士苹果,中俄国际农产品交易中心,10,6,8,元/公斤,2025-9-16 17:50
鸭梨,中俄国际农产品交易中心,7,6,6.5,元/公斤,2025-9-16 17:50
巨峰葡萄,中俄国际农产品交易中心,12,8,10,元/公斤,2025-9-16 17:50
香蕉,中俄国际农产品交易中心,7,5,6,元/公斤,2025-9-16 17:50
西瓜,中俄国际农产品交易中心,2.4,1.2,1.8,元/公斤,2025-9-16 17:50
猪肉(白条猪),上海农产品中心批发市场经营管理有限公司,17.1,17.1,17.1,元/公斤,2025-9-16 17:50
面粉,上海农产品中心批发市场经营管理有限公司,4.8,3.3,4.05,元/公斤,2025-9-16 17:50
粳米(普通),上海农产品中心批发市场经营管理有限公司,4.4,4.1,4.25,元/公斤,2025-9-16 17:50
玉米,上海农产品中心批发市场经营管理有限公司,6,4,5,元/公斤,2025-9-16 17:50
大豆,上海农产品中心批发市场经营管理有限公司,8.6,6.6,7.6,元/公斤,2025-9-16 17:50
大白菜,上海农产品中心批发市场经营管理有限公司,2.2,2,2.1,元/公斤,2025-9-16 17:50
洋白菜,上海农产品中心批发市场经营管理有限公司,5.6,4,4.8,元/公斤,2025-9-16 17:50
油菜,上海农产品中心批发市场经营管理有限公司,6.6,5.4,6,元/公斤,2025-9-16 17:50
生菜,上海农产品中心批发市场经营管理有限公司,8.2,7,7.6,元/公斤,2025-9-16 17:50
菠菜,上海农产品中心批发市场经营管理有限公司,23,13,18,元/公斤,2025-9-16 17:50
韭菜,上海农产品中心批发市场经营管理有限公司,5,4,4.5,元/公斤,2025-9-16 17:50
蒜苗,上海农产品中心批发市场经营管理有限公司,9,6,7.5,元/公斤,2025-9-16 17:50
红萝卜,上海农产品中心批发市场经营管理有限公司,3.2,2,2.6,元/公斤,2025-9-16 17:50
白萝卜,上海农产品中心批发市场经营管理有限公司,1.2,1,1.1,元/公斤,2025-9-16 17:50
土豆,上海农产品中心批发市场经营管理有限公司,1.6,1,1.3,元/公斤,2025-9-16 17:50
葱头,上海农产品中心批发市场经营管理有限公司,3,1.2,2.1,元/公斤,2025-9-16 17:50
大葱,上海农产品中心批发市场经营管理有限公司,3.6,2,2.8,元/公斤,2025-9-16 17:50
芹菜,上海农产品中心批发市场经营管理有限公司,11,9,10,元/公斤,2025-9-16 17:50
莴笋,上海农产品中心批发市场经营管理有限公司,4,3.6,3.8,元/公斤,2025-9-16 17:50
莲藕,上海农产品中心批发市场经营管理有限公司,11,6,8.5,元/公斤,2025-9-16 17:50
菜花,上海农产品中心批发市场经营管理有限公司,8,6,7,元/公斤,2025-9-16 17:50
西红柿,上海农产品中心批发市场经营管理有限公司,6.8,5.2,6,元/公斤,2025-9-16 17:50
青椒,上海农产品中心批发市场经营管理有限公司,7,6,6.5,元/公斤,2025-9-16 17:50
茄子,上海农产品中心批发市场经营管理有限公司,5.4,4.6,5,元/公斤,2025-9-16 17:50
黄瓜,上海农产品中心批发市场经营管理有限公司,7.4,6.6,7,元/公斤,2025-9-16 17:50
西葫芦,上海农产品中心批发市场经营管理有限公司,5.6,4.4,5,元/公斤,2025-9-16 17:50
南瓜,上海农产品中心批发市场经营管理有限公司,4,2.4,3.2,元/公斤,2025-9-16 17:50
冬瓜,上海农产品中心批发市场经营管理有限公司,1.4,1,1.2,元/公斤,2025-9-16 17:50
豆角,上海农产品中心批发市场经营管理有限公司,6.4,6,6.2,元/公斤,2025-9-16 17:50
平菇,上海农产品中心批发市场经营管理有限公司,8,5,6.5,元/公斤,2025-9-16 17:50
香菇,上海农产品中心批发市场经营管理有限公司,16.6,10,13.3,元/公斤,2025-9-16 17:50
富士苹果,上海农产品中心批发市场经营管理有限公司,16,8,12,元/公斤,2025-9-16 17:50
鸭梨,上海农产品中心批发市场经营管理有限公司,7,3,5,元/公斤,2025-9-16 17:50
巨峰葡萄,上海农产品中心批发市场经营管理有限公司,18,7,12.5,元/公斤,2025-9-16 17:50
砂糖橘,上海农产品中心批发市场经营管理有限公司,10,6,8,元/公斤,2025-9-16 17:50
香蕉,上海农产品中心批发市场经营管理有限公司,7.6,5.5,6.55,元/公斤,2025-9-16 17:50
西瓜,上海农产品中心批发市场经营管理有限公司,8,3,5.5,元/公斤,2025-9-16 17:50
一级豆油(散装),上海农产品中心批发市场经营管理有限公司,15,8,11.5,元/公斤,2025-9-16 17:50
牛肉,上海农产品中心批发市场经营管理有限公司,110,60,80,元/公斤,2025-9-16 17:50
羊肉,上海农产品中心批发市场经营管理有限公司,70,46,63.5,元/公斤,2025-9-16 17:50
白条鸡,上海农产品中心批发市场经营管理有限公司,26.7,17.3,22,元/公斤,2025-9-16 17:50
大白菜,上海市江桥批发市场经营管理有限公司,2.5,2,2.25,元/公斤,2025-9-16 17:50
油菜,上海市江桥批发市场经营管理有限公司,7,2.6,3.9,元/公斤,2025-9-16 17:50
生菜,上海市江桥批发市场经营管理有限公司,6.4,5.4,5.8,元/公斤,2025-9-16 17:50
菠菜,上海市江桥批发市场经营管理有限公司,18,12,13.8,元/公斤,2025-9-16 17:50
白萝卜,上海市江桥批发市场经营管理有限公司,1.4,1,1.2,元/公斤,2025-9-16 17:50
胡萝卜,上海市江桥批发市场经营管理有限公司,2.2,1.6,1.9,元/公斤,2025-9-16 17:50
土豆,上海市江桥批发市场经营管理有限公司,3.2,1.8,2.3,元/公斤,2025-9-16 17:50
葱头,上海市江桥批发市场经营管理有限公司,1.3,1.1,1.15,元/公斤,2025-9-16 17:50
大葱,上海市江桥批发市场经营管理有限公司,3,2.6,2.75,元/公斤,2025-9-16 17:50
生姜,上海市江桥批发市场经营管理有限公司,8.4,6.4,6.8,元/公斤,2025-9-16 17:50
大蒜,上海市江桥批发市场经营管理有限公司,9,7,7.8,元/公斤,2025-9-16 17:50
芹菜,上海市江桥批发市场经营管理有限公司,5,4,4.4,元/公斤,2025-9-16 17:50
莴笋,上海市江桥批发市场经营管理有限公司,6.4,4,5,元/公斤,2025-9-16 17:50
莲藕,上海市江桥批发市场经营管理有限公司,6,4,5,元/公斤,2025-9-16 17:50
蒜薹,上海市江桥批发市场经营管理有限公司,9,5,6,元/公斤,2025-9-16 17:50
菜花,上海市江桥批发市场经营管理有限公司,8,4,6.2,元/公斤,2025-9-16 17:50
西红柿,上海市江桥批发市场经营管理有限公司,5.75,3.8,4.8,元/公斤,2025-9-16 17:50
青椒,上海市江桥批发市场经营管理有限公司,4.6,3.6,3.8,元/公斤,2025-9-16 17:50
茄子,上海市江桥批发市场经营管理有限公司,6.5,2.4,3.7,元/公斤,2025-9-16 17:50
黄瓜,上海市江桥批发市场经营管理有限公司,4.2,2.2,3,元/公斤,2025-9-16 17:50
西葫芦,上海市江桥批发市场经营管理有限公司,6,3.4,4.6,元/公斤,2025-9-16 17:50
南瓜,上海市江桥批发市场经营管理有限公司,2,1.4,1.6,元/公斤,2025-9-16 17:50
冬瓜,上海市江桥批发市场经营管理有限公司,1.5,1.2,1.35,元/公斤,2025-9-16 17:50
豆角,上海市江桥批发市场经营管理有限公司,6.5,4.8,5.5,元/公斤,2025-9-16 17:50
平菇,上海市江桥批发市场经营管理有限公司,10,9,9.4,元/公斤,2025-9-16 17:50
香菇,上海市江桥批发市场经营管理有限公司,14,11,12,元/公斤,2025-9-16 17:50
